true_rate,seed,start,insecticide_class,class_true_rate,rate_mean,rate_lower,rate_upper,rate_sd,contraction,p_below_0.01,p_above_0.03,rate_rhat,mean_t,true_cumulative_selection,cumulative_selection_mean,cumulative_selection_lower,cumulative_selection_upper,worst_rhat,n_rhat_above_1.1,hours
0,1,cached,Pyrethroids,0,0.001198206063093208,2.5860838417780436e-5,0.004642900393879477,0.0012275490427365145,0.9995853168285623,1,0,1.1036004536951587,19.557591973244147,2.7766521378245224,2.89774177166959,2.810372479175841,3.01480774252883,2.278846878943449,351,2.3268372222222222
0,1,cached,Organophosphates,0,0.013324417812091085,0.001893325824111148,0.026161284095572154,0.006195327299659081,0.9894374879447962,0.30766666666666664,0.0023333333333333335,1.2535400916243615,20.184354877176247,0.545896460125862,0.894288135933506,0.7024751120474337,1.1158608963478738,2.278846878943449,351,2.3268372222222222
0,1,cached,Carbamates,0,0.003535696245384354,1.3006459544808127e-4,0.011432118275874235,0.0031140641036001395,0.9973313365714712,0.9503333333333334,0,1.196551793975899,19.65254456212865,1.0938793257955792,1.2416928494645376,1.1200103349348793,1.3606371341763297,2.278846878943449,351,2.3268372222222222
0,1,cached,Organochlorines,0,0.004799236398780742,1.784682803991029e-4,0.011798868339567312,0.0031979214654406698,0.9971856746951375,0.9306666666666666,0,1.1623618821071626,17.014032666206578,1.7657432184481858,1.870733032529479,1.745061122364461,2.014497034899356,2.278846878943449,351,2.3268372222222222
0,1,truth,Pyrethroids,0,0.0011687589706018482,3.469778328070658e-5,0.004036993787547219,0.0010452918137939609,0.9996993135859087,1,0,1.0188691304356172,19.557591973244147,2.7766521378245224,2.894503678917474,2.8074738483106048,2.9821298950218385,2.239262908672045,235,2.0284375000000003
0,1,truth,Organophosphates,0,0.014888985086005764,0.0018881451429841694,0.02885794016425008,0.007543927608461598,0.9843384864023813,0.27566666666666667,0.019666666666666666,1.033784999894077,20.184354877176247,0.545896460125862,0.9007218626645768,0.7056314289913269,1.097761449390807,2.239262908672045,235,2.0284375000000003
0,1,truth,Carbamates,0,0.0033624123201508238,1.57982995375289e-4,0.011740839170941684,0.003200507038403505,0.9971811219973058,0.9503333333333334,0,1.0261983976385187,19.65254456212865,1.0938793257955792,1.2468861222183645,1.13080209300874,1.3904157355230384,2.239262908672045,235,2.0284375000000003
0,1,truth,Organochlorines,0,0.004655367057609981,3.0550538449587467e-4,0.011478581632184527,0.0032543327956881976,0.9970855095737887,0.8973333333333333,0,1.2048898119969125,17.014032666206578,1.7657432184481858,1.8643821280649546,1.747829980155347,1.996321883274289,2.239262908672045,235,2.0284375000000003
0.03,1,truth,Pyrethroids,0.03,0.022898483818287525,0.015433389288732583,0.03017997184771865,0.003817260855879413,0.9959900183516399,0,0.028333333333333332,1.0210370146456895,19.557591973244147,4.490164771355895,4.339802374901646,4.112490845148709,4.522560937929412,1.9958357342440505,238,1.97203
0.03,1,truth,Organophosphates,0.03,0.026951055596441464,0.008401331544086767,0.043735669841460045,0.008973571846742136,0.9778400183704824,0.042333333333333334,0.391,1.098043732755373,20.184354877176247,1.187691446692444,1.2108025905159616,0.9424542059404393,1.4529004466001807,1.9958357342440505,238,1.97203
0.03,1,truth,Carbamates,0.03,0.022823181066988725,0.009059065983738665,0.035244646471608417,0.0064347424721023505,0.9886053484659704,0.034333333333333334,0.124,1.0123081895534072,19.65254456212865,1.8241062700666553,1.7410594357789704,1.5564167336214847,1.9500756444785416,1.9958357342440505,238,1.97203
0.03,1,truth,Organochlorines,0.03,0.03587929174198691,0.024360147586467398,0.04733176246082474,0.0057914095224771015,0.9907698818739894,0,0.8426666666666667,1.0171163169655877,17.014032666206578,2.864925938930138,2.979044390906785,2.703978504891361,3.223218385099086,1.9958357342440505,238,1.97203
0.03,2,truth,Pyrethroids,0.03,0.022897187150016478,0.0158675615780971,0.02999258446393891,0.0036378474632927666,0.9963581028465939,3.333333333333333e-4,0.025,1.0048802502970486,19.557591973244147,4.490164771355895,4.471842302278989,4.276775846106737,4.68593567069636,2.0609399704519995,188,2.0252419444444443
0.03,2,truth,Organophosphates,0.03,0.03409844246196926,0.01827002542469487,0.048495269421003934,0.007774910834494743,0.9833647419733877,3.333333333333333e-4,0.7023333333333334,1.0283150770392797,20.184354877176247,1.187691446692444,1.3521500993138378,1.115264853019719,1.5821758196476348,2.0609399704519995,188,2.0252419444444443
0.03,2,truth,Carbamates,0.03,0.03467812137746461,0.020331535745866804,0.04986941794194351,0.007294984744441655,0.9853550638216154,0,0.73,1.0274370114042797,19.65254456212865,1.8241062700666553,2.0000622654513562,1.8068927536928003,2.196960719676539,2.0609399704519995,188,2.0252419444444443
0.03,2,truth,Organochlorines,0.03,0.025120746968720416,0.013314218779257682,0.03660300495295598,0.005893012729991731,0.9904431786885847,0.006,0.20533333333333334,1.0105659513193472,17.014032666206578,2.864925938930138,2.840378855910706,2.598776459846427,3.1084142942053274,2.0609399704519995,188,2.0252419444444443
0.1,1,cached,Pyrethroids,0.1,0.08315965446556861,0.0707594009187082,0.09718865176259739,0.006776145098916515,0.9873641604826069,0,1,1.0073219278607044,19.557591973244147,8.572040990868027,8.200996992345662,7.684383164321303,8.75519078553975,2.153854819209892,298,2.2096358333333335
0.1,1,cached,Organophosphates,0.1,0.08669974888310787,0.06954130122825017,0.10307916241544521,0.00864392114215648,0.9794382393344194,0,1,1.0142213384072634,20.184354877176247,2.3007623777399724,2.2334792145711684,1.937175116328242,2.5598246597311882,2.153854819209892,298,2.2096358333333335
0.1,1,cached,Carbamates,0.1,0.09351136125710825,0.07692185429055164,0.10886742954296484,0.00819419026039815,0.981522177345454,0,1,1.0014825852292804,19.65254456212865,2.967818331592682,2.888734845369556,2.629734146028413,3.1274073941531406,2.153854819209892,298,2.2096358333333335
0.1,1,cached,Organochlorines,0.1,0.11198990733980081,0.08767415333201276,0.13814733288964587,0.012755497755862362,0.9552252129787333,0,1,1.003253922070374,17.014032666206578,6.210301891027102,6.301994453824613,5.737099591435304,6.892026302087383,2.153854819209892,298,2.2096358333333335
0.1,1,truth,Pyrethroids,0.1,0.08385928709998787,0.07033156133118779,0.09727293682655813,0.006888854624745391,0.9869403136350938,0,1,1.0108118453896782,19.557591973244147,8.572040990868027,8.20406640718444,7.750364836637373,8.675713104660662,1.9787780916302524,176,2.057344722222222
0.1,1,truth,Organophosphates,0.1,0.08343672985914477,0.06465745930128049,0.10072141603072188,0.009304330223707406,0.9761763149646748,0,1,1.0320343077892424,20.184354877176247,2.3007623777399724,2.2135682015529925,1.8647560915225436,2.5578159373019353,1.9787780916302524,176,2.057344722222222
0.1,1,truth,Carbamates,0.1,0.09317009614439963,0.07741022151862281,0.10847450207284767,0.007936210720067562,0.9826673451652337,0,1,1.0100064243812215,19.65254456212865,2.967818331592682,2.8659610874718537,2.6215587872047226,3.124594452332932,1.9787780916302524,176,2.057344722222222
0.1,1,truth,Organochlorines,0.1,0.11300168128071947,0.0879450401635229,0.13840072412459958,0.012822170049695738,0.9547559189297379,0,1,1.005448722542712,17.014032666206578,6.210301891027102,6.3493962225029374,5.765903915290899,6.935677825255544,1.9787780916302524,176,2.057344722222222
